Run,Evt,vertexX,vertexY,vertexZ,selected,selected_cheated_2d,selected_cheated_2d_vtx,selected_cheated_2d_vtx_3d,selected_cheated_2d_vtx_3d_mva
1,17,213.23036193847656,-47.44704818725586,-308.0435485839844,1.0,0.0,0.0,0.0,0.0
1000,18,184.8404998779297,-2.0907247066497803,304.8160095214844,0.0,0.0,0.0,0.0,0.0
1001,21,196.2573699951172,50.764591217041016,52.59601974487305,1.0,1.0,1.0,1.0,1.0
1003,5,123.01332092285156,-67.16421508789062,51.08888626098633,1.0,1.0,1.0,1.0,1.0
1003,24,113.31080627441406,-128.69898986816406,194.81336975097656,0.0,0.0,0.0,0.0,0.0
1004,17,245.48876953125,-60.836917877197266,14.289196014404297,1.0,1.0,1.0,1.0,1.0
1004,22,201.4926300048828,-84.18173217773438,-144.99473571777344,0.0,0.0,1.0,1.0,1.0
1005,12,142.18142700195312,-89.81908416748047,539.054931640625,0.0,1.0,1.0,0.0,0.0
1007,27,304.2960205078125,22.935731887817383,649.0758666992188,0.0,0.0,1.0,1.0,1.0
1008,9,216.72315979003906,-5.106701850891113,488.57672119140625,0.0,0.0,0.0,0.0,0.0
1008,16,181.65304565429688,53.62622833251953,-384.0657958984375,0.0,0.0,1.0,1.0,1.0
1008,38,238.423828125,-46.07563781738281,-675.20458984375,1.0,1.0,1.0,1.0,1.0
1008,39,307.0489501953125,-32.370967864990234,184.8064422607422,1.0,1.0,1.0,1.0,1.0
1009,1,141.2019805908203,92.87557220458984,-563.1441040039062,0.0,0.0,0.0,0.0,0.0
1009,4,179.82138061523438,-5.063581943511963,472.12481689453125,0.0,1.0,1.0,0.0,0.0
101,37,180.6737518310547,14.974422454833984,437.79205322265625,1.0,0.0,0.0,0.0,0.0
1011,12,122.29647827148438,27.841388702392578,-512.0874633789062,1.0,1.0,1.0,1.0,1.0
1011,17,108.19866180419922,73.24840545654297,-502.30572509765625,1.0,1.0,1.0,1.0,1.0
1012,25,179.5227813720703,-17.77241325378418,-666.1034545898438,1.0,1.0,1.0,1.0,1.0
1012,38,113.01033020019531,-11.285274505615234,-461.4337463378906,0.0,0.0,0.0,1.0,1.0
1014,38,248.92552185058594,2.3959531784057617,234.23606872558594,1.0,1.0,1.0,1.0,1.0
1015,14,159.61875915527344,29.044803619384766,-79.14837646484375,0.0,1.0,1.0,1.0,1.0
1015,16,266.2438659667969,-14.10702133178711,183.3009033203125,0.0,1.0,1.0,1.0,1.0
1015,18,105.61227416992188,-45.068355560302734,-819.250732421875,0.0,0.0,0.0,1.0,1.0
1018,12,141.38125610351562,-101.34584045410156,694.9024047851562,1.0,1.0,1.0,1.0,1.0
1019,34,147.8799591064453,-30.43623161315918,-246.42518615722656,1.0,1.0,1.0,1.0,1.0
102,20,167.58189392089844,-22.471336364746094,-405.0699157714844,0.0,1.0,1.0,1.0,1.0
102,38,173.9790802001953,42.25971603393555,458.0323486328125,0.0,0.0,0.0,0.0,0.0
1020,4,103.76461029052734,-154.4365234375,366.4937744140625,1.0,1.0,1.0,1.0,1.0
1022,23,227.461181640625,71.88951110839844,-691.0211181640625,1.0,1.0,1.0,1.0,1.0
1024,39,180.55441284179688,73.52053833007812,771.6342163085938,0.0,0.0,1.0,1.0,1.0
1028,30,216.78562927246094,-4.272573947906494,-555.4615478515625,1.0,1.0,1.0,1.0,1.0
103,39,270.8360290527344,-120.87942504882812,-305.2337951660156,0.0,1.0,1.0,1.0,1.0
1035,9,188.6654815673828,-42.288841247558594,-785.3207397460938,1.0,1.0,0.0,0.0,0.0
1035,40,255.8397674560547,-108.09774780273438,-794.5242309570312,0.0,1.0,1.0,1.0,1.0
1036,2,311.8750305175781,93.29471588134766,186.53546142578125,1.0,0.0,0.0,0.0,0.0
1038,12,261.63372802734375,104.03559875488281,-296.63995361328125,0.0,0.0,0.0,1.0,1.0
1039,21,221.37977600097656,-97.79458618164062,107.3500747680664,1.0,1.0,1.0,1.0,1.0
1041,38,143.158935546875,25.44011878967285,184.21641540527344,1.0,1.0,1.0,1.0,1.0
1042,20,123.61131286621094,49.074432373046875,-154.0435791015625,1.0,1.0,1.0,1.0,1.0
1042,38,189.64418029785156,-13.160164833068848,123.70759582519531,0.0,1.0,1.0,0.0,0.0
1043,18,180.32749938964844,108.92530822753906,417.0466003417969,1.0,1.0,1.0,1.0,1.0
1045,13,145.2523193359375,45.435054779052734,283.2417907714844,1.0,1.0,1.0,1.0,1.0
1046,6,198.2430419921875,-3.807227849960327,630.1034545898438,1.0,1.0,1.0,1.0,1.0
1046,30,102.23658752441406,-116.42552185058594,-717.1248168945312,0.0,0.0,0.0,0.0,0.0
1048,7,175.81056213378906,61.005950927734375,-752.2174682617188,0.0,0.0,0.0,0.0,0.0
1049,16,144.0203094482422,-16.6453857421875,-687.4786987304688,1.0,1.0,1.0,1.0,1.0
105,28,129.9881591796875,-151.0454864501953,-811.5479736328125,1.0,0.0,0.0,0.0,0.0
105,37,128.65029907226562,7.159466743469238,171.7578125,1.0,1.0,1.0,1.0,1.0
1052,11,162.47610473632812,-3.8271965980529785,552.5774536132812,1.0,1.0,1.0,1.0,1.0
1052,27,228.4625701904297,83.7957534790039,-791.0291137695312,1.0,1.0,1.0,1.0,1.0
1056,2,199.419677734375,-105.58914184570312,344.8667907714844,1.0,1.0,1.0,1.0,1.0
1057,30,89.13801574707031,-11.326071739196777,-175.17747497558594,1.0,1.0,1.0,1.0,1.0
1058,32,104.85777282714844,23.431598663330078,357.50860595703125,0.0,0.0,0.0,0.0,0.0
1058,39,249.58102416992188,-134.98660278320312,1.14474618434906,1.0,1.0,1.0,1.0,1.0
1059,36,249.6563720703125,-50.41108322143555,821.0008544921875,1.0,1.0,1.0,0.0,1.0
106,12,198.50460815429688,-42.094512939453125,-627.6090087890625,0.0,1.0,1.0,1.0,1.0
1060,26,257.3880310058594,47.48291015625,-464.0978088378906,0.0,0.0,1.0,1.0,1.0
1061,2,190.26185607910156,92.51702117919922,-28.757997512817383,0.0,0.0,0.0,0.0,0.0
1061,18,149.35496520996094,-66.03628540039062,533.20458984375,1.0,1.0,1.0,1.0,1.0
1061,28,175.0724639892578,-3.998035192489624,17.1652774810791,1.0,0.0,0.0,0.0,0.0
1061,40,280.03143310546875,16.827953338623047,-771.068115234375,0.0,1.0,1.0,1.0,1.0
1063,6,300.66748046875,65.71746063232422,778.427734375,0.0,0.0,0.0,0.0,0.0
1064,3,290.4917297363281,-99.06919860839844,23.10457992553711,0.0,0.0,0.0,0.0,0.0
1067,36,141.96945190429688,-79.21780395507812,-675.5070190429688,1.0,0.0,1.0,1.0,1.0
1068,5,214.43283081054688,-133.57542419433594,68.92814636230469,1.0,1.0,1.0,1.0,1.0
107,10,239.77459716796875,59.07429504394531,-782.5629272460938,0.0,0.0,0.0,0.0,0.0
1070,3,222.5820770263672,5.3560404777526855,-257.49664306640625,0.0,0.0,0.0,0.0,0.0
1070,6,170.09693908691406,66.53131866455078,-107.77455139160156,1.0,1.0,1.0,1.0,1.0
1070,38,234.8488311767578,35.086326599121094,757.7564086914062,0.0,0.0,0.0,1.0,1.0
1072,1,114.33244323730469,-153.2887725830078,-464.78399658203125,0.0,0.0,0.0,0.0,0.0
1073,32,88.49315643310547,83.42447662353516,-306.87664794921875,1.0,1.0,1.0,1.0,1.0
1074,14,132.3985595703125,13.138309478759766,-654.8311767578125,0.0,1.0,1.0,1.0,1.0
1074,29,258.9443359375,-36.15549850463867,32.02899932861328,1.0,1.0,1.0,1.0,1.0
1077,38,256.9322204589844,-58.88703536987305,-437.5096740722656,1.0,1.0,1.0,1.0,1.0
1078,17,127.60737609863281,101.56828308105469,311.4331970214844,1.0,1.0,1.0,1.0,1.0
1079,32,306.72369384765625,31.42584991455078,-61.98048782348633,0.0,1.0,1.0,1.0,1.0
108,4,187.55955505371094,78.624755859375,-568.115234375,0.0,0.0,0.0,0.0,0.0
108,33,122.55618286132812,-40.93590545654297,596.9187622070312,0.0,1.0,1.0,1.0,1.0
1081,2,250.08636474609375,-42.97785186767578,-312.3213806152344,0.0,0.0,0.0,0.0,0.0
1082,3,199.6215057373047,-44.46070861816406,-126.66582489013672,0.0,1.0,1.0,1.0,1.0
1085,30,277.8150329589844,-43.06911849975586,496.18646240234375,0.0,0.0,0.0,0.0,0.0
1088,29,209.6063232421875,-69.58736419677734,137.75442504882812,0.0,0.0,0.0,0.0,0.0
1089,30,170.3134307861328,-32.1789436340332,-352.3149719238281,1.0,1.0,1.0,1.0,1.0
109,3,288.62652587890625,-44.05305480957031,32.026336669921875,0.0,1.0,1.0,0.0,0.0
1092,4,162.95077514648438,9.935811042785645,703.23828125,0.0,0.0,0.0,0.0,0.0
1093,16,101.20266723632812,72.27410888671875,720.8619384765625,1.0,1.0,1.0,1.0,1.0
1093,23,219.16796875,-15.090871810913086,612.1531372070312,1.0,1.0,1.0,1.0,1.0
1094,34,114.98054504394531,52.64814758300781,-339.4861145019531,0.0,0.0,0.0,0.0,0.0
1095,33,94.61224365234375,82.92499542236328,4.2524638175964355,0.0,0.0,0.0,0.0,0.0
1096,3,197.67626953125,84.85150146484375,-539.0857543945312,0.0,0.0,0.0,0.0,0.0
1096,21,126.7015609741211,51.997352600097656,-18.796253204345703,0.0,0.0,0.0,0.0,0.0
1097,38,183.17953491210938,8.836821556091309,-41.565853118896484,1.0,0.0,0.0,0.0,0.0
1098,5,87.3045425415039,-52.09178161621094,-136.1218719482422,0.0,0.0,0.0,0.0,0.0
1098,23,211.73956298828125,54.3606071472168,753.7013549804688,0.0,1.0,1.0,1.0,1.0
1098,39,125.77079010009766,93.91901397705078,-44.64735412597656,1.0,1.0,1.0,1.0,1.0
1098,40,239.52609252929688,-33.81748580932617,-503.75433349609375,0.0,0.0,0.0,0.0,0.0
110,8,286.62835693359375,-16.260473251342773,249.52294921875,0.0,0.0,0.0,0.0,0.0
110,27,265.21331787109375,-3.5116519927978516,527.8283081054688,0.0,1.0,1.0,1.0,1.0
1100,26,160.82876586914062,-70.03889465332031,93.99901580810547,1.0,1.0,1.0,1.0,1.0
1102,30,260.62841796875,76.8877944946289,-80.87472534179688,1.0,1.0,1.0,0.0,0.0
1104,20,254.72665405273438,51.18602752685547,-341.83929443359375,1.0,1.0,1.0,1.0,1.0
1106,17,159.8041534423828,69.01575469970703,169.94454956054688,0.0,1.0,1.0,1.0,1.0
1106,19,258.55059814453125,-18.28472137451172,20.473098754882812,0.0,1.0,1.0,0.0,0.0
1106,35,120.07281494140625,-88.38882446289062,-328.1700439453125,1.0,0.0,0.0,0.0,0.0
1106,38,133.57742309570312,-29.506940841674805,-687.0466918945312,0.0,1.0,1.0,1.0,1.0
1107,3,175.5517120361328,-72.90190124511719,-728.8884887695312,0.0,0.0,0.0,0.0,0.0
1107,25,332.1705017089844,-51.926734924316406,-665.2549438476562,1.0,1.0,1.0,1.0,1.0
1108,29,297.3980407714844,71.89157104492188,-227.70216369628906,1.0,1.0,1.0,1.0,1.0
111,18,318.311279296875,52.4858512878418,-624.9263916015625,1.0,1.0,1.0,1.0,1.0
1110,15,207.58181762695312,-61.97749328613281,-245.60108947753906,0.0,0.0,0.0,0.0,0.0
1111,37,134.60433959960938,-74.99697875976562,-767.2481689453125,1.0,1.0,1.0,1.0,1.0
1111,39,318.8059997558594,108.37508392333984,-224.1971435546875,1.0,0.0,0.0,0.0,1.0
1113,14,109.53722381591797,29.612031936645508,-419.18914794921875,1.0,1.0,1.0,1.0,1.0
1114,11,120.39204406738281,20.8328800201416,-693.0842895507812,1.0,1.0,1.0,1.0,1.0
1114,37,278.8810729980469,26.552345275878906,-406.1463317871094,0.0,1.0,1.0,1.0,1.0
1115,19,165.73439025878906,93.95655059814453,-680.5313720703125,1.0,1.0,1.0,1.0,1.0
1117,4,285.4013366699219,16.36737823486328,-501.87744140625,0.0,0.0,0.0,0.0,0.0
1119,29,221.40847778320312,-50.3742790222168,-227.37950134277344,0.0,1.0,1.0,1.0,1.0
1119,40,331.3186340332031,-99.5489273071289,-181.58160400390625,1.0,1.0,1.0,1.0,1.0
1120,21,180.0541534423828,-12.998969078063965,-42.81381607055664,1.0,1.0,1.0,1.0,1.0
1124,7,171.39732360839844,8.245655059814453,-579.6746826171875,0.0,1.0,1.0,1.0,1.0
1124,14,161.95472717285156,-42.53850555419922,488.91845703125,0.0,0.0,0.0,0.0,0.0
1125,9,184.24476623535156,-130.88929748535156,-168.70291137695312,1.0,1.0,1.0,1.0,1.0
1125,17,228.6290740966797,-87.07127380371094,282.2059326171875,1.0,1.0,1.0,1.0,1.0
1125,32,251.3468475341797,-56.25566101074219,-97.91584777832031,0.0,0.0,1.0,1.0,1.0
1126,14,150.89096069335938,24.515419006347656,718.5236206054688,0.0,0.0,0.0,0.0,0.0
1127,15,210.02334594726562,33.77543640136719,222.06065368652344,1.0,1.0,1.0,1.0,1.0
1129,17,218.1398162841797,-31.140377044677734,-456.49835205078125,1.0,1.0,1.0,1.0,1.0
113,11,283.9237060546875,-35.24978256225586,-129.22415161132812,1.0,1.0,1.0,1.0,1.0
1130,7,222.62940979003906,-45.35006332397461,-677.08056640625,0.0,0.0,0.0,0.0,0.0
1130,22,93.23869323730469,-66.3122329711914,-403.5483093261719,0.0,0.0,0.0,0.0,0.0
1130,31,147.21359252929688,-31.327848434448242,79.4862060546875,0.0,0.0,0.0,0.0,0.0
1132,33,139.48814392089844,-21.151805877685547,203.2882843017578,1.0,1.0,1.0,1.0,1.0
1132,38,187.4552459716797,-93.74520874023438,676.547119140625,1.0,1.0,1.0,1.0,1.0
1134,26,231.63404846191406,-110.86103820800781,638.0632934570312,0.0,0.0,0.0,0.0,0.0
1136,28,252.09161376953125,6.488290309906006,132.7528839111328,0.0,0.0,0.0,1.0,1.0
1136,30,110.21257781982422,71.45359802246094,-318.81561279296875,1.0,1.0,1.0,1.0,1.0
1136,37,228.07504272460938,23.793603897094727,-206.68458557128906,1.0,1.0,1.0,1.0,1.0
1138,3,251.39076232910156,-38.105247497558594,-464.63372802734375,1.0,0.0,0.0,0.0,0.0
1138,12,137.4400634765625,31.489534378051758,-19.422258377075195,0.0,0.0,0.0,0.0,0.0
1140,22,149.8970184326172,-146.01156616210938,-202.93260192871094,0.0,0.0,1.0,1.0,1.0
1140,33,191.24037170410156,-32.27743911743164,393.65576171875,1.0,1.0,1.0,1.0,1.0
1141,1,227.25804138183594,32.92110061645508,-9.563712120056152,1.0,0.0,0.0,0.0,0.0
1146,18,115.71585083007812,7.37384033203125,110.51434326171875,0.0,1.0,1.0,1.0,1.0
1146,37,189.72714233398438,-75.3868637084961,333.25177001953125,1.0,1.0,1.0,1.0,1.0
1147,1,240.527099609375,-41.49127197265625,-591.8605346679688,1.0,1.0,1.0,1.0,1.0
1148,34,140.97926330566406,-153.90560913085938,-351.3138732910156,1.0,1.0,1.0,1.0,1.0
1148,36,220.12734985351562,-19.017255783081055,-141.32257080078125,0.0,0.0,0.0,0.0,0.0
115,5,219.87649536132812,20.880191802978516,411.1689453125,1.0,1.0,1.0,1.0,1.0
1150,7,106.7489242553711,88.35089874267578,320.1239013671875,1.0,0.0,0.0,0.0,0.0
1150,13,247.0387420654297,28.49125099182129,-346.47027587890625,1.0,1.0,1.0,0.0,0.0
1150,16,234.6333465576172,-89.81729888916016,-230.68838500976562,1.0,1.0,1.0,1.0,1.0
1151,1,208.15597534179688,70.11104583740234,197.64187622070312,0.0,1.0,1.0,1.0,1.0
1151,19,215.14793395996094,-77.35800170898438,170.65090942382812,0.0,0.0,0.0,0.0,0.0
1151,39,237.92176818847656,-88.0875015258789,-374.7390441894531,1.0,1.0,1.0,1.0,1.0
1152,15,159.02403259277344,32.32045364379883,-770.4833984375,0.0,0.0,0.0,0.0,0.0
1154,37,186.5274200439453,58.82985305786133,-198.8739776611328,1.0,1.0,1.0,1.0,1.0
1156,21,234.52545166015625,92.38426971435547,106.13126373291016,1.0,0.0,1.0,1.0,1.0
1157,29,130.27798461914062,18.77001190185547,752.4122924804688,1.0,1.0,1.0,1.0,1.0
1157,30,324.1589050292969,-39.558509826660156,-484.8926696777344,0.0,1.0,1.0,1.0,1.0
1159,37,303.022705078125,-93.19258117675781,127.14412689208984,0.0,0.0,0.0,0.0,0.0
1161,16,163.62391662597656,-63.83067321777344,-476.00714111328125,1.0,1.0,1.0,1.0,1.0
1162,29,284.7771911621094,-18.30905532836914,676.2075805664062,1.0,1.0,1.0,1.0,1.0
1162,39,138.02047729492188,3.409895420074463,-188.1899871826172,1.0,1.0,1.0,1.0,1.0
1165,18,205.73451232910156,-104.99230194091797,70.10747528076172,1.0,0.0,0.0,0.0,0.0
1166,17,105.5419921875,-28.423173904418945,258.854248046875,1.0,1.0,1.0,1.0,1.0
1166,31,148.00827026367188,31.645477294921875,141.03240966796875,0.0,0.0,0.0,0.0,0.0
1167,25,143.43463134765625,-22.035192489624023,185.9369659423828,1.0,0.0,0.0,0.0,0.0
1169,27,233.43655395507812,-122.84635162353516,-46.76798629760742,1.0,1.0,1.0,1.0,1.0
1170,26,316.8173522949219,24.59799575805664,-399.13104248046875,1.0,1.0,1.0,1.0,1.0
1170,35,172.94210815429688,-86.60888671875,627.2273559570312,0.0,0.0,0.0,0.0,0.0
1171,29,126.59529876708984,-88.8857192993164,588.6861572265625,0.0,0.0,0.0,1.0,1.0
1172,14,196.04403686523438,23.88572120666504,-734.6598510742188,0.0,0.0,0.0,0.0,0.0
1173,21,195.13064575195312,-20.897375106811523,-326.28875732421875,0.0,0.0,0.0,0.0,0.0
1173,23,209.708251953125,-17.325597763061523,-263.963134765625,0.0,0.0,0.0,0.0,0.0
1175,40,242.966552734375,-53.22167205810547,571.6605834960938,1.0,1.0,1.0,1.0,1.0
1176,12,276.8915710449219,-74.52351379394531,757.0263061523438,0.0,1.0,1.0,1.0,1.0
1177,27,194.19566345214844,-31.628801345825195,-646.6637573242188,1.0,1.0,1.0,1.0,1.0
1178,8,313.33184814453125,-107.79623413085938,-287.08380126953125,0.0,0.0,0.0,0.0,0.0
1178,21,283.0457763671875,-52.40010452270508,129.5425262451172,1.0,1.0,1.0,1.0,1.0
1179,1,318.7961730957031,-7.612729549407959,-758.6689453125,0.0,1.0,1.0,1.0,1.0
1179,8,244.90159606933594,-111.96216583251953,-29.475921630859375,0.0,1.0,1.0,1.0,1.0
1179,14,125.23561096191406,47.955257415771484,-96.66925811767578,1.0,1.0,1.0,1.0,1.0
1180,30,134.59634399414062,-22.977825164794922,-365.2958984375,1.0,1.0,1.0,1.0,1.0
1181,3,276.4403991699219,65.8700942993164,-497.9740295410156,1.0,1.0,1.0,1.0,1.0
1183,40,157.58831787109375,32.285213470458984,-255.65892028808594,0.0,1.0,1.0,1.0,1.0
1184,16,143.03187561035156,-152.8904266357422,-672.1016235351562,1.0,1.0,1.0,1.0,1.0
1184,35,192.8610382080078,-41.16217803955078,333.2433166503906,0.0,0.0,0.0,1.0,1.0
1187,9,163.61160278320312,95.75106811523438,266.9577941894531,0.0,1.0,1.0,1.0,1.0
1187,40,91.66677856445312,72.89495086669922,-798.2235717773438,0.0,0.0,0.0,0.0,0.0
1188,36,121.35652923583984,-125.90198516845703,-286.26513671875,1.0,1.0,1.0,1.0,1.0
1189,15,116.44080352783203,44.99236297607422,452.9528503417969,0.0,0.0,1.0,0.0,0.0
1189,32,156.20565795898438,21.463165283203125,58.861934661865234,1.0,1.0,1.0,1.0,1.0
1190,6,139.84461975097656,-132.52845764160156,-691.2286376953125,1.0,1.0,1.0,1.0,1.0
1190,21,263.015869140625,3.399925947189331,183.24977111816406,1.0,1.0,1.0,1.0,1.0
1190,35,289.6523132324219,-52.86367416381836,-387.1947021484375,0.0,0.0,0.0,0.0,0.0
1191,33,134.95201110839844,-50.381980895996094,408.71923828125,1.0,1.0,1.0,1.0,1.0
1197,33,253.3811798095703,43.30207061767578,-819.4089965820312,0.0,0.0,0.0,0.0,0.0
12,8,276.4416809082031,6.330615520477295,543.2431030273438,1.0,1.0,1.0,1.0,1.0
120,10,220.54547119140625,15.11882209777832,-262.0293273925781,1.0,1.0,1.0,1.0,1.0
120,25,257.7321472167969,-9.414472579956055,-163.50228881835938,0.0,1.0,1.0,1.0,1.0
1200,14,291.53106689453125,-34.51335906982422,553.7138061523438,0.0,0.0,0.0,0.0,0.0
1203,8,277.0559387207031,-139.9919891357422,-52.61900329589844,1.0,1.0,1.0,1.0,1.0
1203,9,226.31898498535156,-36.87754440307617,451.0028381347656,0.0,1.0,1.0,1.0,1.0
1203,28,101.97879791259766,-130.04612731933594,-719.4261474609375,1.0,1.0,1.0,1.0,1.0
1204,12,313.4550476074219,101.85993194580078,506.4533996582031,0.0,0.0,0.0,0.0,0.0
1204,19,243.6533966064453,-86.59188842773438,-780.8424682617188,1.0,1.0,1.0,1.0,1.0
1204,25,253.4351806640625,-60.0694465637207,495.3706359863281,0.0,1.0,1.0,0.0,1.0
1206,11,218.05972290039062,20.891050338745117,-353.9678039550781,0.0,0.0,0.0,0.0,0.0
1208,29,288.2347717285156,98.24583435058594,280.722412109375,0.0,0.0,0.0,0.0,0.0
1209,34,218.4024200439453,-29.929773330688477,271.23333740234375,1.0,1.0,1.0,1.0,1.0
1211,4,293.9103088378906,5.824986457824707,209.15139770507812,1.0,1.0,1.0,1.0,1.0
1212,9,329.838623046875,4.401610851287842,-740.8588256835938,1.0,1.0,1.0,1.0,1.0
1214,11,280.18719482421875,-38.43003845214844,-491.473388671875,0.0,1.0,1.0,1.0,1.0
1216,16,159.15969848632812,-18.42232894897461,-155.2183380126953,1.0,1.0,1.0,1.0,1.0
1216,32,320.3031921386719,-87.819580078125,-291.1319885253906,0.0,0.0,0.0,0.0,0.0
1217,7,244.42955017089844,29.711599349975586,-627.918701171875,1.0,1.0,1.0,1.0,1.0
1219,12,267.63092041015625,-73.89315795898438,311.5482482910156,1.0,1.0,1.0,1.0,1.0
122,14,272.41046142578125,6.306485652923584,-491.8955993652344,1.0,1.0,1.0,1.0,1.0
122,27,217.23329162597656,-55.02409744262695,149.1136932373047,1.0,1.0,1.0,1.0,1.0
122,40,277.603271484375,-107.22852325439453,302.5039367675781,1.0,0.0,0.0,1.0,1.0
1220,29,266.8074951171875,-82.16023254394531,-96.2894515991211,1.0,1.0,1.0,1.0,1.0
1222,40,240.1525115966797,32.38315200805664,-425.7874755859375,1.0,0.0,0.0,0.0,0.0
1223,8,180.50100708007812,-147.39537048339844,-683.2909545898438,1.0,1.0,1.0,1.0,1.0
1224,5,171.77203369140625,32.56803894042969,-155.51881408691406,1.0,1.0,0.0,0.0,0.0
1224,22,153.6101837158203,-23.28386688232422,362.8534851074219,0.0,0.0,0.0,0.0,0.0
1225,5,137.30296325683594,26.39067840576172,-179.4841766357422,1.0,1.0,0.0,1.0,1.0
1228,13,248.22662353515625,2.7346699237823486,145.41769409179688,0.0,0.0,0.0,0.0,0.0
1232,7,144.251708984375,-150.30044555664062,189.36854553222656,0.0,1.0,1.0,1.0,1.0
1232,30,253.8555908203125,52.68950653076172,533.77490234375,1.0,1.0,1.0,1.0,1.0
1234,3,271.3468933105469,48.54277420043945,-49.724639892578125,0.0,1.0,1.0,1.0,1.0
1234,38,159.68923950195312,-46.67397689819336,-827.4251708984375,0.0,1.0,1.0,1.0,1.0
1235,36,303.85760498046875,-137.8059539794922,174.42601013183594,1.0,1.0,1.0,1.0,1.0
1236,21,283.5450134277344,-82.64473724365234,-527.3359985351562,0.0,1.0,1.0,1.0,1.0
1237,24,140.55584716796875,49.83237838745117,136.18063354492188,1.0,1.0,1.0,1.0,1.0
1239,23,239.96458435058594,-25.493432998657227,706.6561889648438,0.0,0.0,0.0,0.0,0.0
124,13,296.0238342285156,-134.01239013671875,342.87933349609375,0.0,0.0,0.0,0.0,0.0
1241,7,155.9231719970703,-45.46479415893555,368.48260498046875,1.0,0.0,0.0,0.0,0.0
1242,26,151.1227264404297,-126.6187744140625,-786.9613647460938,1.0,1.0,1.0,1.0,1.0
1242,28,223.33714294433594,39.36838912963867,-183.7456817626953,1.0,1.0,1.0,1.0,1.0
1243,30,253.69754028320312,-110.11875915527344,-700.2710571289062,1.0,1.0,1.0,1.0,1.0
1244,10,210.10501098632812,108.85513305664062,-291.90960693359375,0.0,0.0,0.0,0.0,0.0
1245,32,204.95907592773438,-74.0695571899414,392.2921447753906,1.0,1.0,1.0,1.0,1.0
1247,21,198.0222625732422,-101.07431030273438,54.04869079589844,0.0,0.0,0.0,0.0,0.0
1248,17,203.684326171875,-92.96035766601562,-708.5051879882812,1.0,0.0,0.0,0.0,0.0
1251,38,226.9847869873047,17.277822494506836,-647.4580078125,0.0,1.0,1.0,1.0,1.0
1252,34,174.47811889648438,-28.11261749267578,686.4571533203125,0.0,0.0,0.0,0.0,0.0
1253,4,262.56256103515625,-29.049036026000977,-628.0015869140625,0.0,0.0,1.0,0.0,0.0
1253,24,110.89250183105469,-43.12897491455078,-280.5761413574219,0.0,1.0,1.0,1.0,1.0
1254,25,224.65292358398438,-58.30971908569336,-761.1851196289062,1.0,1.0,1.0,1.0,1.0
1255,38,187.3982391357422,-26.644935607910156,237.21937561035156,0.0,0.0,0.0,0.0,0.0
1257,20,194.6739501953125,51.62105941772461,-374.6268615722656,1.0,1.0,1.0,1.0,1.0
1261,39,231.34759521484375,-59.454402923583984,-767.0462036132812,0.0,1.0,1.0,1.0,1.0
1262,6,283.0281677246094,-128.4852752685547,387.7124328613281,1.0,1.0,1.0,1.0,1.0
1262,16,326.8442077636719,-63.149723052978516,624.7672119140625,1.0,1.0,1.0,1.0,1.0
1265,11,255.88616943359375,86.80191802978516,-19.794336318969727,1.0,1.0,1.0,1.0,1.0
1265,23,111.64908599853516,-28.495328903198242,767.1435546875,0.0,0.0,0.0,1.0,1.0
1266,25,278.1343994140625,-77.53691101074219,-411.5641784667969,0.0,1.0,1.0,1.0,1.0
1266,32,110.8045425415039,11.645268440246582,363.6585998535156,1.0,1.0,1.0,1.0,1.0
1267,3,213.52484130859375,-35.534950256347656,-590.0291748046875,1.0,0.0,1.0,1.0,1.0
1267,38,235.9311981201172,62.8942756652832,-411.24005126953125,1.0,1.0,1.0,1.0,1.0
1268,22,194.50128173828125,-136.60153198242188,-254.18344116210938,0.0,0.0,1.0,1.0,1.0
1269,16,283.88299560546875,-6.9326701164245605,110.80165100097656,1.0,1.0,1.0,1.0,1.0
127,19,194.9540557861328,83.18324279785156,-542.6049194335938,1.0,1.0,1.0,1.0,1.0
127,28,248.65145874023438,38.37082290649414,89.34590148925781,1.0,1.0,1.0,1.0,1.0
1271,12,193.8317413330078,-149.63670349121094,130.73458862304688,1.0,1.0,1.0,1.0,1.0
1272,18,194.96778869628906,-12.653057098388672,14.90024185180664,0.0,0.0,0.0,0.0,0.0
1272,19,222.970703125,-20.8369140625,574.8862915039062,0.0,1.0,1.0,1.0,1.0
1273,2,107.14996337890625,-9.317193984985352,-598.0970458984375,0.0,0.0,0.0,0.0,0.0
1273,9,276.4924621582031,-84.83245086669922,504.9766540527344,1.0,1.0,1.0,1.0,1.0
1273,33,121.48003387451172,-120.366455078125,-87.13170623779297,0.0,1.0,1.0,1.0,1.0
1274,22,141.8828887939453,13.256263732910156,440.71795654296875,1.0,1.0,1.0,1.0,1.0
1276,15,100.4741439819336,-112.95903778076172,-199.057373046875,0.0,1.0,0.0,0.0,0.0
1279,23,320.71417236328125,45.924034118652344,369.0793151855469,0.0,0.0,0.0,0.0,0.0
1279,36,252.8805694580078,101.21521759033203,-48.81204605102539,1.0,1.0,1.0,1.0,1.0
128,5,233.62815856933594,-71.00967407226562,330.1478271484375,0.0,0.0,0.0,0.0,0.0
1280,32,266.1835021972656,30.10978126525879,-841.5950927734375,0.0,0.0,0.0,0.0,0.0
1281,4,329.3914489746094,-73.49193572998047,-613.3991088867188,0.0,1.0,1.0,1.0,1.0
1281,19,180.9166717529297,54.59332275390625,-255.00302124023438,1.0,1.0,1.0,1.0,1.0
1282,25,294.5090637207031,47.735252380371094,-423.38580322265625,0.0,1.0,1.0,1.0,1.0
1282,35,137.89166259765625,29.737117767333984,-4.490975856781006,0.0,0.0,0.0,0.0,0.0
1283,16,219.32110595703125,59.047576904296875,-393.1664733886719,0.0,0.0,0.0,0.0,0.0
1284,2,284.8677673339844,-119.39595794677734,496.63922119140625,1.0,1.0,1.0,1.0,1.0
1285,28,305.01812744140625,-131.2401885986328,133.96385192871094,0.0,1.0,1.0,1.0,1.0
1285,33,231.81842041015625,-82.1794662475586,664.0941162109375,1.0,0.0,0.0,1.0,1.0
1287,16,141.88990783691406,73.5655517578125,-693.4703369140625,0.0,1.0,0.0,0.0,0.0
1288,18,276.3432922363281,-30.589689254760742,0.8201249837875366,1.0,1.0,1.0,1.0,1.0
129,24,151.52609252929688,-93.88654327392578,466.1139221191406,0.0,1.0,1.0,1.0,1.0
1290,10,302.0360107421875,22.641075134277344,685.222900390625,1.0,1.0,1.0,1.0,1.0
1291,19,236.1689910888672,49.48698425292969,-286.6492614746094,0.0,1.0,1.0,1.0,1.0
1293,22,307.78790283203125,-112.60782623291016,-491.5524597167969,0.0,0.0,0.0,0.0,0.0
1294,7,289.50006103515625,-75.39494323730469,-284.19879150390625,0.0,1.0,1.0,1.0,1.0
1296,37,281.19586181640625,35.939998626708984,522.0394287109375,0.0,0.0,0.0,0.0,0.0
1297,40,182.4701385498047,32.12278747558594,-639.1790771484375,0.0,0.0,0.0,0.0,0.0
1298,35,243.49986267089844,-25.843290328979492,-38.227684020996094,1.0,1.0,1.0,1.0,1.0
13,2,237.0341796875,-79.27723693847656,-96.51876068115234,0.0,1.0,1.0,1.0,1.0
13,4,132.6641845703125,-5.268011093139648,-284.1036682128906,1.0,1.0,1.0,1.0,1.0
13,20,245.55694580078125,24.005613327026367,91.51578521728516,0.0,1.0,1.0,1.0,1.0
130,8,280.7482604980469,-136.92010498046875,-800.411376953125,0.0,0.0,0.0,1.0,1.0
